{
    "Comment": "A state machine that does mock stock trading.",
    "StartAt": "Message Reception",
    "States": {
        "Message Reception": {
            "Type": "Task",
            "Resource": "${MessageReceptionFunctionArn}",
            "Retry": [
                {
                    "ErrorEquals": [
                        "States.TaskFailed"
                    ],
                    "IntervalSeconds": 15,
                    "MaxAttempts": 5,
                    "BackoffRate": 1.5
                }
            ],
            "Next": "Have Notifications?"
        },
        "Have Notifications?": {
            "Type": "Choice",
            "Choices": [
                {
                    "Variable": "$.nTotal",
                    "NumericGreaterThan": 0,
                    "Next": "Message Format"
                }
            ],
            "Default": "Message Send"
        },
        "Message Format": {
            "Type": "Task",
            "Resource": "${MessageFormatFunctionArn}",
            "Retry": [
                {
                    "ErrorEquals": [
                        "States.TaskFailed"
                    ],
                    "IntervalSeconds": 2,
                    "MaxAttempts": 3,
                    "BackoffRate": 1
                }
            ],
            "Next": "Message Send"
        },
        "Message Send": {
            "Type": "Task",
            "Resource": "${MessageSendFunctionArn}",
            "Retry": [
                {
                    "ErrorEquals": [
                        "States.TaskFailed"
                    ],
                    "IntervalSeconds": 2,
                    "MaxAttempts": 3,
                    "BackoffRate": 1
                }
            ],
            "End": true
        }
        
    }
}